<?xml version='1.0'?>
<?xml-stylesheet type="text/css" href="data2.css"?>
<Mahasiswa>
<ID>
<NIM>L00080001</NIM>
<Nama>Agus Julianto</Nama>
<Kota>Solo</Kota>
</ID>
<ID>
<NIM>L0008000</NIM>
<Nama>Joko Susilo</Nama>
<Kota>Boyolali</Kota>
</ID>
<ID>
<NIM>L00080003</NIM>
<Nama>Fatimah</Nama>
<Kota>Solo</Kota>
</ID>
<ID>
<NIM>L00080004</NIM>
<Nama>Eka Ramdani</Nama>
<Kota>Klaten</Kota>
</ID>
<ID>
<NIM>L00080005</NIM>
<Nama>Paijo</Nama>
<Kota>Wonogiri</Kota>
</ID>
</Mahasiswa>